S200030,"Entwicklung und Enwticklungsprobleme, Theorien & Forschung"
S200030,"Sozialwissenschafltiche Lebensohasen-, Lebenslauf- und Biographieforschung"
S200270,Kurzvortrag
S200270,Recherche
B3110320,PrÃ¤sentation
B24110,"Ãœbungaufgabe PA 1"
B24110,"Ãœbungaufg PA 1"
B24110,"Ãœbungsaufgabe PA1"
B24310,"PA3 Ãœbungsaufgabe"
B24310,"Ãœbungsaufgabe PA3"
B20520,PersonalfÃ¼hrung
10B520,Ãœbungsaufgabe
10B530,Ãœbungsaufgabe
10B620,Ãœbungsaufgabe
10B630,Ãœbungsaufgabe
07B410,
07B520,Ãœbungsaufgabe
07B630,Ãœbungsaufgabe
07B650,Ãœbungsaufgabe
11B520,Ãœbungsaufgabe
11B530,Ãœbungsaufgabe
11B620,Ãœbungsaufgabe
11B630,Ãœbungsaufgabe
08B620,Ãœbungsaufgabe
12B620,Ãœbungsaufgabe
12B650,Ãœbungsaufgabe
13B520,Ãœbungsaufgabe
13B530,Ãœbungsaufgabe
13B620,Ãœbungsaufgabe
13B630,Ãœbungsaufgabe
13B640,Ãœbungsaufgabe
14B520,Ãœbungsaufgabe
14B620,Ãœbungsaufgabe
14B630,Ãœbungsaufgabe
15B520,Ãœbungsaufgabe
15B530,Ãœbungsaufgabe
15B620,Ãœbungsaufgabe
15B630,Ãœbungsaufgabe
16B520,Ãœbungsaufgabe
16B530,Ãœbungsaufgabe
16B540,Ãœbungsaufgabe
16B620,Ãœbungsaufgabe
16B630,Ãœbungsaufgabe
17B520,Ãœbungsaufgabe
17B530,Ãœbungsaufgabe
17B610,Ãœbungsaufgabe
18B520,Ãœbungsaufgabe
18B530,Ãœbungsaufgabe
18B620,Ãœbungsaufgabe
18B630,Ãœbungsaufgabe
19B520,Ãœbungsaufgabe
19B620,Ãœbungsaufgabe
09B210,"Ãœbung - Sales Management: Die Perspektive der Leistungsanbieter"
E10120,"Wissenschaftliches Arbeiten "
E10120,Statistik
E10520,"PrÃ¤vention und Rehabilitation i.d. Therapiewissenschaften"
E10520,"Strukturen der Gesundheitsversorgung "
E10520,"Recht in den Therapiewissenschaften"
B27612,Ãœbungsaufgabe
B27612,"mÃ¼ndliche PrÃ¼fung"
B27612,"MÃ¼ndliche PrÃ¼fung"
B27412,"1. Ãœbungsaufgabe"
B27412,"2. Ãœbungsaufgabe"
B27422,"1. Ãœbungsaufgabe"
B27422,"2. Ãœbungsaufgabe"
B27622,Ãœbungsaufgabe
B27622,"mÃ¼ndliche PrÃ¼fung"
B27622,"MÃ¼ndliche PrÃ¼fung"
